API Start (ns),API Dur (ns),Queue Start (ns),Queue Dur (ns),Kernel Start (ns),Kernel Dur (ns),Total Dur (ns),PID,TID,DevId,API Function,GridXYZ,BlockXYZ,Kernel Name
146502092658,243439,,,146502327625,896,243439,583,583,0,cudaLaunchKernel,   1    1    1,   1    1    1,<unnamed>::warmup_kernel(double *)
146502812237,23882,,,146502835909,1568,25240,583,583,0,cudaLaunchKernel,   1    2    2,  32    4    4,"<unnamed>::step_kernel_interior(const double *, const double *, double *, const double *, const double *, int, int, int, int, int, int, int, double, double)"
146502841622,28715,,,146502869669,1408,29455,583,583,0,cudaLaunchKernel,   1    1    1, 256    1    1,"<unnamed>::step_kernel_boundary_x_faces(const double *, const double *, double *, const double *, const double *, int, int, int, int, int, int, int, double, double)"
146502871888,22770,,,146502893349,1408,22869,583,583,0,cudaLaunchKernel,   1    1    1, 256    1    1,"<unnamed>::step_kernel_boundary_y_faces(const double *, const double *, double *, const double *, const double *, int, int, int, int, int, int, int, double, double)"
146502908287,24098,,,146502931620,1504,24837,583,583,0,cudaLaunchKernel,   1    1    1, 256    1    1,"<unnamed>::step_kernel_boundary_z_faces(const double *, const double *, double *, const double *, const double *, int, int, int, int, int, int, int, double, double)"
146502945097,10089,,,146502953604,1568,10089,583,583,0,cudaLaunchKernel,   1    2    2,  32    4    4,"<unnamed>::step_kernel_interior(const double *, const double *, double *, const double *, const double *, int, int, int, int, int, int, int, double, double)"
146502956265,4798,,,146502960932,1344,6011,583,583,0,cudaLaunchKernel,   1    1    1, 256    1    1,"<unnamed>::step_kernel_boundary_x_faces(const double *, const double *, double *, const double *, const double *, int, int, int, int, int, int, int, double, double)"
146502961484,9256,,,146502969028,1344,9256,583,583,0,cudaLaunchKernel,   1    1    1, 256    1    1,"<unnamed>::step_kernel_boundary_y_faces(const double *, const double *, double *, const double *, const double *, int, int, int, int, int, int, int, double, double)"
146502971621,4636,,,146502976036,1376,5791,583,583,0,cudaLaunchKernel,   1    1    1, 256    1    1,"<unnamed>::step_kernel_boundary_z_faces(const double *, const double *, double *, const double *, const double *, int, int, int, int, int, int, int, double, double)"
146503307922,7031,,,146503314178,14243256,14249512,583,583,0,cudaLaunchKernel,  32  250  250,  32    4    4,"<unnamed>::step_kernel_interior(const double *, const double *, double *, const double *, const double *, int, int, int, int, int, int, int, double, double)"
146503321463,8997,146503330460,14214750,146517545210,39520,14263267,583,583,0,cudaLaunchKernel,7813    1    1, 256    1    1,"<unnamed>::step_kernel_boundary_x_faces(const double *, const double *, double *, const double *, const double *, int, int, int, int, int, int, int, double, double)"
146503331392,5664,146503337056,14249082,146517586138,40640,14295386,583,583,0,cudaLaunchKernel,7797    1    1, 256    1    1,"<unnamed>::step_kernel_boundary_y_faces(const double *, const double *, double *, const double *, const double *, int, int, int, int, int, int, int, double, double)"
146503337603,3707,146503341310,14287036,146517628346,475452,14766195,583,583,0,cudaLaunchKernel,7782    1    1, 256    1    1,"<unnamed>::step_kernel_boundary_z_faces(const double *, const double *, double *, const double *, const double *, int, int, int, int, int, int, int, double, double)"
146503349052,6116,146503355168,14750102,146518105270,14245848,29002066,583,583,0,cudaLaunchKernel,  32  250  250,  32    4    4,"<unnamed>::step_kernel_interior(const double *, const double *, double *, const double *, const double *, int, int, int, int, int, int, int, double, double)"
146518114787,9088,146518123875,14215947,146532339822,39616,14264651,583,583,0,cudaLaunchKernel,7813    1    1, 256    1    1,"<unnamed>::step_kernel_boundary_x_faces(const double *, const double *, double *, const double *, const double *, int, int, int, int, int, int, int, double, double)"
146518124269,3544,146518127813,14253097,146532380910,39872,14296513,583,583,0,cudaLaunchKernel,7797    1    1, 256    1    1,"<unnamed>::step_kernel_boundary_y_faces(const double *, const double *, double *, const double *, const double *, int, int, int, int, int, int, int, double, double)"
146518128186,10273,146518138459,14283667,146532422126,482556,14776496,583,583,0,cudaLaunchKernel,7782    1    1, 256    1    1,"<unnamed>::step_kernel_boundary_z_faces(const double *, const double *, double *, const double *, const double *, int, int, int, int, int, int, int, double, double)"
146518143429,9628,146518153057,14753193,146532906250,14249753,29012574,583,583,0,cudaLaunchKernel,  32  250  250,  32    4    4,"<unnamed>::step_kernel_interior(const double *, const double *, double *, const double *, const double *, int, int, int, int, int, int, int, double, double)"
146532915206,7757,146532922963,14220624,146547143587,40928,14269309,583,583,0,cudaLaunchKernel,7813    1    1, 256    1    1,"<unnamed>::step_kernel_boundary_x_faces(const double *, const double *, double *, const double *, const double *, int, int, int, int, int, int, int, double, double)"
146532926353,6231,146532932584,14253466,146547186050,39488,14299185,583,583,0,cudaLaunchKernel,7797    1    1, 256    1    1,"<unnamed>::step_kernel_boundary_y_faces(const double *, const double *, double *, const double *, const double *, int, int, int, int, int, int, int, double, double)"
146532933194,3728,146532936922,14290088,146547227010,477661,14771477,583,583,0,cudaLaunchKernel,7782    1    1, 256    1    1,"<unnamed>::step_kernel_boundary_z_faces(const double *, const double *, double *, const double *, const double *, int, int, int, int, int, int, int, double, double)"
146532940694,4475,146532945169,14760878,146547706047,14244888,29010241,583,583,0,cudaLaunchKernel,  32  250  250,  32    4    4,"<unnamed>::step_kernel_interior(const double *, const double *, double *, const double *, const double *, int, int, int, int, int, int, int, double, double)"
146547716741,8483,146547725224,14213775,146561938999,41184,14263442,583,583,0,cudaLaunchKernel,7813    1    1, 256    1    1,"<unnamed>::step_kernel_boundary_x_faces(const double *, const double *, double *, const double *, const double *, int, int, int, int, int, int, int, double, double)"
146547729172,10388,146547739560,14242223,146561981783,38976,14291587,583,583,0,cudaLaunchKernel,7797    1    1, 256    1    1,"<unnamed>::step_kernel_boundary_y_faces(const double *, const double *, double *, const double *, const double *, int, int, int, int, int, int, int, double, double)"
146547740397,11326,146547751723,14270444,146562022167,477084,14758854,583,583,0,cudaLaunchKernel,7782    1    1, 256    1    1,"<unnamed>::step_kernel_boundary_z_faces(const double *, const double *, double *, const double *, const double *, int, int, int, int, int, int, int, double, double)"
146547756162,12510,146547768672,14731891,146562500563,14241208,28985609,583,583,0,cudaLaunchKernel,  32  250  250,  32    4    4,"<unnamed>::step_kernel_interior(const double *, const double *, double *, const double *, const double *, int, int, int, int, int, int, int, double, double)"
146562510461,12509,146562522970,14209106,146576732076,39455,14261070,583,583,0,cudaLaunchKernel,7813    1    1, 256    1    1,"<unnamed>::step_kernel_boundary_x_faces(const double *, const double *, double *, const double *, const double *, int, int, int, int, int, int, int, double, double)"
146562523798,4326,146562528124,14244847,146576772971,40576,14289749,583,583,0,cudaLaunchKernel,7797    1    1, 256    1    1,"<unnamed>::step_kernel_boundary_y_faces(const double *, const double *, double *, const double *, const double *, int, int, int, int, int, int, int, double, double)"
146562528510,7953,146562536463,14278396,146576814859,481244,14767593,583,583,0,cudaLaunchKernel,7782    1    1, 256    1    1,"<unnamed>::step_kernel_boundary_z_faces(const double *, const double *, double *, const double *, const double *, int, int, int, int, int, int, int, double, double)"
146562543551,10155,146562553706,14743805,146577297511,14243321,28997281,583,583,0,cudaLaunchKernel,  32  250  250,  32    4    4,"<unnamed>::step_kernel_interior(const double *, const double *, double *, const double *, const double *, int, int, int, int, int, int, int, double, double)"
146577308184,8093,146577316277,14213835,146591530112,39456,14261384,583,583,0,cudaLaunchKernel,7813    1    1, 256    1    1,"<unnamed>::step_kernel_boundary_x_faces(const double *, const double *, double *, const double *, const double *, int, int, int, int, int, int, int, double, double)"
146577316669,3107,146577319776,14251488,146591571264,39135,14293730,583,583,0,cudaLaunchKernel,7797    1    1, 256    1    1,"<unnamed>::step_kernel_boundary_y_faces(const double *, const double *, double *, const double *, const double *, int, int, int, int, int, int, int, double, double)"
146577320159,3932,146577324091,14287876,146591611967,477021,14768829,583,583,0,cudaLaunchKernel,7782    1    1, 256    1    1,"<unnamed>::step_kernel_boundary_z_faces(const double *, const double *, double *, const double *, const double *, int, int, int, int, int, int, int, double, double)"
146577331722,5971,146577337693,14752639,146592090332,14241048,28999658,583,583,0,cudaLaunchKernel,  32  250  250,  32    4    4,"<unnamed>::step_kernel_interior(const double *, const double *, double *, const double *, const double *, int, int, int, int, int, int, int, double, double)"
146592101416,7873,146592109289,14211915,146606321204,40896,14260684,583,583,0,cudaLaunchKernel,7813    1    1, 256    1    1,"<unnamed>::step_kernel_boundary_x_faces(const double *, const double *, double *, const double *, const double *, int, int, int, int, int, int, int, double, double)"
146592109670,2917,146592112587,14251209,146606363796,39232,14293358,583,583,0,cudaLaunchKernel,7797    1    1, 256    1    1,"<unnamed>::step_kernel_boundary_y_faces(const double *, const double *, double *, const double *, const double *, int, int, int, int, int, int, int, double, double)"
146592112974,7557,146592120531,14283809,146606404340,473276,14764642,583,583,0,cudaLaunchKernel,7782    1    1, 256    1    1,"<unnamed>::step_kernel_boundary_z_faces(const double *, const double *, double *, const double *, const double *, int, int, int, int, int, int, int, double, double)"
146592124885,9445,146592134330,14744758,146606879088,14231961,28986164,583,583,0,cudaLaunchKernel,  32  250  250,  32    4    4,"<unnamed>::step_kernel_interior(const double *, const double *, double *, const double *, const double *, int, int, int, int, int, int, int, double, double)"
146606887539,8165,146606895704,14205233,146621100937,39744,14253142,583,583,0,cudaLaunchKernel,7813    1    1, 256    1    1,"<unnamed>::step_kernel_boundary_x_faces(const double *, const double *, double *, const double *, const double *, int, int, int, int, int, int, int, double, double)"
146606896063,13586,146606909649,14232407,146621142056,40704,14286697,583,583,0,cudaLaunchKernel,7797    1    1, 256    1    1,"<unnamed>::step_kernel_boundary_y_faces(const double *, const double *, double *, const double *, const double *, int, int, int, int, int, int, int, double, double)"
146606913835,5721,146606919556,14264644,146621184200,481021,14751386,583,583,0,cudaLaunchKernel,7782    1    1, 256    1    1,"<unnamed>::step_kernel_boundary_z_faces(const double *, const double *, double *, const double *, const double *, int, int, int, int, int, int, int, double, double)"
146606924169,3692,146606927861,14738896,146621666757,14253496,28996084,583,583,0,cudaLaunchKernel,  32  250  250,  32    4    4,"<unnamed>::step_kernel_interior(const double *, const double *, double *, const double *, const double *, int, int, int, int, int, int, int, double, double)"
146621674948,6845,146621681793,14227260,146635909053,39264,14273369,583,583,0,cudaLaunchKernel,7813    1    1, 256    1    1,"<unnamed>::step_kernel_boundary_x_faces(const double *, const double *, double *, const double *, const double *, int, int, int, int, int, int, int, double, double)"
146621682154,4211,146621686365,14263712,146635950077,40639,14308562,583,583,0,cudaLaunchKernel,7797    1    1, 256    1    1,"<unnamed>::step_kernel_boundary_y_faces(const double *, const double *, double *, const double *, const double *, int, int, int, int, int, int, int, double, double)"
146621686757,3267,146621690024,14302164,146635992188,475965,14781396,583,583,0,cudaLaunchKernel,7782    1    1, 256    1    1,"<unnamed>::step_kernel_boundary_z_faces(const double *, const double *, double *, const double *, const double *, int, int, int, int, int, int, int, double, double)"
146621693663,3382,146621697045,14772548,146636469593,14247192,29023122,583,583,0,cudaLaunchKernel,  32  250  250,  32    4    4,"<unnamed>::step_kernel_interior(const double *, const double *, double *, const double *, const double *, int, int, int, int, int, int, int, double, double)"
146636477901,7558,146636485459,14219614,146650705073,39776,14266948,583,583,0,cudaLaunchKernel,7813    1    1, 256    1    1,"<unnamed>::step_kernel_boundary_x_faces(const double *, const double *, double *, const double *, const double *, int, int, int, int, int, int, int, double, double)"
146636485929,3497,146636489426,14256735,146650746161,39136,14299368,583,583,0,cudaLaunchKernel,7797    1    1, 256    1    1,"<unnamed>::step_kernel_boundary_y_faces(const double *, const double *, double *, const double *, const double *, int, int, int, int, int, int, int, double, double)"
146636489816,3505,146636493321,14293640,146650786961,473724,14770869,583,583,0,cudaLaunchKernel,7782    1    1, 256    1    1,"<unnamed>::step_kernel_boundary_z_faces(const double *, const double *, double *, const double *, const double *, int, int, int, int, int, int, int, double, double)"
146651318380,8564,146651326944,77,146651327021,14244792,14253433,583,583,0,cudaLaunchKernel,  32  250  250,  32    4    4,"<unnamed>::step_kernel_interior(const double *, const double *, double *, const double *, const double *, int, int, int, int, int, int, int, double, double)"
146651336975,6093,146651343068,14215689,146665558757,39968,14261750,583,583,0,cudaLaunchKernel,7813    1    1, 256    1    1,"<unnamed>::step_kernel_boundary_x_faces(const double *, const double *, double *, const double *, const double *, int, int, int, int, int, int, int, double, double)"
146651343500,3309,146651346809,14253388,146665600197,40608,14297305,583,583,0,cudaLaunchKernel,7797    1    1, 256    1    1,"<unnamed>::step_kernel_boundary_y_faces(const double *, const double *, double *, const double *, const double *, int, int, int, int, int, int, int, double, double)"
146651347148,3591,146651350739,14291634,146665642373,482268,14777493,583,583,0,cudaLaunchKernel,7782    1    1, 256    1    1,"<unnamed>::step_kernel_boundary_z_faces(const double *, const double *, double *, const double *, const double *, int, int, int, int, int, int, int, double, double)"
146651353585,3483,146651357068,14769013,146666126081,14247897,29020393,583,583,0,cudaLaunchKernel,  32  250  250,  32    4    4,"<unnamed>::step_kernel_interior(const double *, const double *, double *, const double *, const double *, int, int, int, int, int, int, int, double, double)"
146666133708,10800,146666144508,14218654,146680363162,39455,14268909,583,583,0,cudaLaunchKernel,7813    1    1, 256    1    1,"<unnamed>::step_kernel_boundary_x_faces(const double *, const double *, double *, const double *, const double *, int, int, int, int, int, int, int, double, double)"
146666145134,4787,146666149921,14254328,146680404249,39168,14298283,583,583,0,cudaLaunchKernel,7797    1    1, 256    1    1,"<unnamed>::step_kernel_boundary_y_faces(const double *, const double *, double *, const double *, const double *, int, int, int, int, int, int, int, double, double)"
146666150300,3294,146666153594,14291231,146680444825,477149,14771674,583,583,0,cudaLaunchKernel,7782    1    1, 256    1    1,"<unnamed>::step_kernel_boundary_z_faces(const double *, const double *, double *, const double *, const double *, int, int, int, int, int, int, int, double, double)"
146666156944,4150,146666161094,14762192,146680923286,14236984,29003326,583,583,0,cudaLaunchKernel,  32  250  250,  32    4    4,"<unnamed>::step_kernel_interior(const double *, const double *, double *, const double *, const double *, int, int, int, int, int, int, int, double, double)"
146680930545,11222,146680941767,14205831,146695147598,41280,14258333,583,583,0,cudaLaunchKernel,7813    1    1, 256    1    1,"<unnamed>::step_kernel_boundary_x_faces(const double *, const double *, double *, const double *, const double *, int, int, int, int, int, int, int, double, double)"
146680942598,9848,146680952446,14237840,146695190286,39040,14286728,583,583,0,cudaLaunchKernel,7797    1    1, 256    1    1,"<unnamed>::step_kernel_boundary_y_faces(const double *, const double *, double *, const double *, const double *, int, int, int, int, int, int, int, double, double)"
146680953263,9520,146680962783,14267855,146695230638,474140,14751515,583,583,0,cudaLaunchKernel,7782    1    1, 256    1    1,"<unnamed>::step_kernel_boundary_z_faces(const double *, const double *, double *, const double *, const double *, int, int, int, int, int, int, int, double, double)"
146680966674,4567,146680971241,14735041,146695706282,14241912,28981520,583,583,0,cudaLaunchKernel,  32  250  250,  32    4    4,"<unnamed>::step_kernel_interior(const double *, const double *, double *, const double *, const double *, int, int, int, int, int, int, int, double, double)"
146695716846,12194,146695729040,14208211,146709937251,39807,14260212,583,583,0,cudaLaunchKernel,7813    1    1, 256    1    1,"<unnamed>::step_kernel_boundary_x_faces(const double *, const double *, double *, const double *, const double *, int, int, int, int, int, int, int, double, double)"
146695729830,3610,146695733440,14245090,146709978530,40544,14289244,583,583,0,cudaLaunchKernel,7797    1    1, 256    1    1,"<unnamed>::step_kernel_boundary_y_faces(const double *, const double *, double *, const double *, const double *, int, int, int, int, int, int, int, double, double)"
146695733818,8248,146695742066,14278704,146710020770,480988,14767940,583,583,0,cudaLaunchKernel,7782    1    1, 256    1    1,"<unnamed>::step_kernel_boundary_z_faces(const double *, const double *, double *, const double *, const double *, int, int, int, int, int, int, int, double, double)"
146695745984,4817,146695750801,14752237,146710503038,14239865,28996919,583,583,0,cudaLaunchKernel,  32  250  250,  32    4    4,"<unnamed>::step_kernel_interior(const double *, const double *, double *, const double *, const double *, int, int, int, int, int, int, int, double, double)"
146710511215,6828,146710518043,14215356,146724733399,39136,14261320,583,583,0,cudaLaunchKernel,7813    1    1, 256    1    1,"<unnamed>::step_kernel_boundary_x_faces(const double *, const double *, double *, const double *, const double *, int, int, int, int, int, int, int, double, double)"
146710518616,3562,146710522178,14251925,146724774103,40959,14296446,583,583,0,cudaLaunchKernel,7797    1    1, 256    1    1,"<unnamed>::step_kernel_boundary_y_faces(const double *, const double *, double *, const double *, const double *, int, int, int, int, int, int, int, double, double)"
146710522530,3755,146710526285,14290249,146724816534,475005,14769009,583,583,0,cudaLaunchKernel,7782    1    1, 256    1    1,"<unnamed>::step_kernel_boundary_z_faces(const double *, const double *, double *, const double *, const double *, int, int, int, int, int, int, int, double, double)"
146710534464,6186,146710540650,14752169,146725292819,14249080,29007435,583,583,0,cudaLaunchKernel,  32  250  250,  32    4    4,"<unnamed>::step_kernel_interior(const double *, const double *, double *, const double *, const double *, int, int, int, int, int, int, int, double, double)"
146725301327,7573,146725308900,14220455,146739529355,40736,14268764,583,583,0,cudaLaunchKernel,7813    1    1, 256    1    1,"<unnamed>::step_kernel_boundary_x_faces(const double *, const double *, double *, const double *, const double *, int, int, int, int, int, int, int, double, double)"
146725309257,3138,146725312395,14259104,146739571499,39200,14301442,583,583,0,cudaLaunchKernel,7797    1    1, 256    1    1,"<unnamed>::step_kernel_boundary_y_faces(const double *, const double *, double *, const double *, const double *, int, int, int, int, int, int, int, double, double)"
146725312747,3475,146725316222,14295853,146739612075,477564,14776892,583,583,0,cudaLaunchKernel,7782    1    1, 256    1    1,"<unnamed>::step_kernel_boundary_z_faces(const double *, const double *, double *, const double *, const double *, int, int, int, int, int, int, int, double, double)"
146725319393,3759,146725323152,14767991,146740091143,14233273,29005023,583,583,0,cudaLaunchKernel,  32  250  250,  32    4    4,"<unnamed>::step_kernel_interior(const double *, const double *, double *, const double *, const double *, int, int, int, int, int, int, int, double, double)"
146740100390,8241,146740108631,14205321,146754313952,39647,14253209,583,583,0,cudaLaunchKernel,7813    1    1, 256    1    1,"<unnamed>::step_kernel_boundary_x_faces(const double *, const double *, double *, const double *, const double *, int, int, int, int, int, int, int, double, double)"
146740109158,4978,146740114136,14242087,146754356223,39424,14286489,583,583,0,cudaLaunchKernel,7797    1    1, 256    1    1,"<unnamed>::step_kernel_boundary_y_faces(const double *, const double *, double *, const double *, const double *, int, int, int, int, int, int, int, double, double)"
146740114481,3638,146740118119,14279032,146754397151,479581,14762251,583,583,0,cudaLaunchKernel,7782    1    1, 256    1    1,"<unnamed>::step_kernel_boundary_z_faces(const double *, const double *, double *, const double *, const double *, int, int, int, int, int, int, int, double, double)"
146740121847,3873,146740125720,14752484,146754878204,14242200,28998557,583,583,0,cudaLaunchKernel,  32  250  250,  32    4    4,"<unnamed>::step_kernel_interior(const double *, const double *, double *, const double *, const double *, int, int, int, int, int, int, int, double, double)"
146754889670,12024,146754901694,14207766,146769109460,39680,14259470,583,583,0,cudaLaunchKernel,7813    1    1, 256    1    1,"<unnamed>::step_kernel_boundary_x_faces(const double *, const double *, double *, const double *, const double *, int, int, int, int, int, int, int, double, double)"
146754902179,4246,146754906425,14244283,146769150708,40415,14288944,583,583,0,cudaLaunchKernel,7797    1    1, 256    1    1,"<unnamed>::step_kernel_boundary_y_faces(const double *, const double *, double *, const double *, const double *, int, int, int, int, int, int, int, double, double)"
146754906804,3406,146754910210,14282321,146769192531,476541,14762268,583,583,0,cudaLaunchKernel,7782    1    1, 256    1    1,"<unnamed>::step_kernel_boundary_z_faces(const double *, const double *, double *, const double *, const double *, int, int, int, int, int, int, int, double, double)"
146754913402,3809,146754917211,14753333,146769670544,14247320,29004462,583,583,0,cudaLaunchKernel,  32  250  250,  32    4    4,"<unnamed>::step_kernel_interior(const double *, const double *, double *, const double *, const double *, int, int, int, int, int, int, int, double, double)"
146769678848,12956,146769691804,14216332,146783908136,40000,14269288,583,583,0,cudaLaunchKernel,7813    1    1, 256    1    1,"<unnamed>::step_kernel_boundary_x_faces(const double *, const double *, double *, const double *, const double *, int, int, int, int, int, int, int, double, double)"
146769692667,4636,146769697303,14252209,146783949512,39296,14296141,583,583,0,cudaLaunchKernel,7797    1    1, 256    1    1,"<unnamed>::step_kernel_boundary_y_faces(const double *, const double *, double *, const double *, const double *, int, int, int, int, int, int, int, double, double)"
146769697666,3635,146769701301,14288947,146783990248,477020,14769602,583,583,0,cudaLaunchKernel,7782    1    1, 256    1    1,"<unnamed>::step_kernel_boundary_z_faces(const double *, const double *, double *, const double *, const double *, int, int, int, int, int, int, int, double, double)"
146769705081,3444,146769708525,14760183,146784468708,14237529,29001156,583,583,0,cudaLaunchKernel,  32  250  250,  32    4    4,"<unnamed>::step_kernel_interior(const double *, const double *, double *, const double *, const double *, int, int, int, int, int, int, int, double, double)"
146784476950,7412,146784484362,14210675,146798695037,40864,14258951,583,583,0,cudaLaunchKernel,7813    1    1, 256    1    1,"<unnamed>::step_kernel_boundary_x_faces(const double *, const double *, double *, const double *, const double *, int, int, int, int, int, int, int, double, double)"
146784484712,3393,146784488105,14249204,146798737309,39967,14292564,583,583,0,cudaLaunchKernel,7797    1    1, 256    1    1,"<unnamed>::step_kernel_boundary_y_faces(const double *, const double *, double *, const double *, const double *, int, int, int, int, int, int, int, double, double)"
146784488561,3734,146784492295,14286421,146798778716,480157,14770312,583,583,0,cudaLaunchKernel,7782    1    1, 256    1    1,"<unnamed>::step_kernel_boundary_z_faces(const double *, const double *, double *, const double *, const double *, int, int, int, int, int, int, int, double, double)"
